<?xml version="1.0" encoding="UTF-8"?>
<project-private xmlns="http://www.netbeans.org/ns/project-private/1">
    <editor-bookmarks xmlns="http://www.netbeans.org/ns/editor-bookmarks/2" lastBookmarkId="0"/>
    <open-files xmlns="http://www.netbeans.org/ns/projectui-open-files/2">
        <group>
            <file>file:/C:/Users/ferd9/Desktop/Universidad/II%20Cuatrimestre/Progra%20II/Proyecto%20Progra%20II/RiconsitoDelSabor/src/proyecto/Proyecto_Diagram.puml</file>
            <file>file:/C:/Users/ferd9/Desktop/Universidad/II%20Cuatrimestre/Progra%20II/Proyecto%20Progra%20II/RiconsitoDelSabor/src/proyecto/Interfaz.java</file>
            <file>file:/C:/Users/ferd9/Desktop/Universidad/II%20Cuatrimestre/Progra%20II/Proyecto%20Progra%20II/RiconsitoDelSabor/src/proyecto/Facturacion.java</file>
        </group>
    </open-files>
</project-private>
